Track name,Artist name,Album,Playlist name,Type,ISRC,Spotify - id
"No Guidance, Remake","Litfranse","No Guidance, Remake","Favorite Songs","Favorite","QZK6G2029574","0pyrqayyrEJhUqrhOJv1WO"
"One Dance","Drake","Views","Favorite Songs","Favorite","USCM51600028","5ZKG94fnjiuMH5yrC5S9lS"
"Save Your Tears (with Ariana Grande) (Remix)","The Weeknd","Save Your Tears (Remix)","Favorite Songs","Favorite","USUG12101839","37BZB0z9T8Xu7U3e65qxFy"
"Ye Tune Kya Kiya","Pritam","Once Upon Ay Time In Mumbai Dobaara !","Favorite Songs","Favorite","INS181304385","2cPUB8EOT6AfJ8oxhyoNXL"
"double take","Dhruv","double take","Favorite Songs","Favorite","GBMJG1911043","2CVChktEKBsM6v4IfdFU5k"
"Venom","Little Simz","GREY Area","Favorite Songs","Favorite","GBWWP1804476","3A0ITFj6kbb9CggwtPe55f"
"2002","Anne-Marie","Speak Your Mind (Deluxe)","Favorite Songs","Favorite","GBAHS1800094","2BgEsaKNfHUdlh97KmvFyo"
"Tujh Mein Rab Dikhta Hai","Salim–Sulaiman","Rab Ne Bana Di Jodi","Favorite Songs","Favorite","INY090800053","2LcXJP95e4HKydTZ2mYfrx"
"это ли счастье?","Rauf & Faik","это ли счастье?","Favorite Songs","Favorite","RUA582102775","4KGq63QyNHWz44M5S6PWGo"
"If the World Was Ending (feat. Julia Michaels)","JP Saxe","If the World Was Ending (feat. Julia Michaels)","Favorite Songs","Favorite","USQX91902708","2kJwzbxV2ppxnQoYw4GLBZ"
"Dandelions - slowed + reverb","Ruth B.","Dandelions (slowed + reverb)","Favorite Songs","Favorite","USSM12106073","6fhG2KJgwO7CrNflRaRmvp"
"Someone You Loved","Lewis Capaldi","Divinely Uninspired To A Hellish Extent","Favorite Songs","Favorite","DEUM71807062","7qEHsqek33rTcFNT9PFqLf"
"Fight Song","Rachel Platten","Wildfire","Favorite Songs","Favorite","USSM11500753","37f4ITSlgPX81ad2EvmVQr"
"Set Fire to the Rain","Adele","21","Favorite Songs","Favorite","GBBKS1000348","3di5hcvxxciiqwMH1jarhY"
"Grenade","Bruno Mars","Doo-Wops & Hooligans","Favorite Songs","Favorite","USAT21001883","4lLtanYk6tkMvooU0tWzG8"
"Train Wreck","James Arthur","Back from the Edge","Favorite Songs","Favorite","DEE861600590","55Am8neGJkdj2ADaM3aw5H"
"Ilahi","Pritam","Yeh Jawaani Hai Deewani","Favorite Songs","Favorite","INS181303779","5cgKosPPj5Cs9a2JQufUc1"
"traitor","Olivia Rodrigo","SOUR","Favorite Songs","Favorite","USUG12101243","5CZ40GBx1sQ9agT82CLQCT"
"Trampoline (with ZAYN)","SHAED","Trampoline (with ZAYN)","Favorite Songs","Favorite","QZ47A1900210","1iQDltZqI7BXnHrFy4Qo1k"
"Before I Knew It","Mason Ramsey","Twang","Favorite Songs","Favorite","USAT21904189","3cqWSJzuxZCsglpaxWtosT"
"Woman","Doja Cat","Planet Her","Favorite Songs","Favorite","USRC12101532","6Uj1ctrBOjOas8xZXGqKk4"
"Arcade (feat. FLETCHER)","Duncan Laurence","Small Town Boy","Favorite Songs","Favorite","NL1TK2000069","4Ld4kbKo1eOzToQ0P8JA0V"
"INDUSTRY BABY (feat. Jack Harlow)","Lil Nas X","MONTERO","Favorite Songs","Favorite","USSM12104539","5Z9KJZvQzH6PFmb8SNkxuk"
"Crying in the Club","Camila Cabello","Crying in the Club","Favorite Songs","Favorite","USSM11704592","1SJtlNRJDeYHioymcvsqev"
"Memories","Maroon 5","JORDI (Deluxe)","Favorite Songs","Favorite","USUM71913350","4cktbXiXOapiLBMprHFErI"
"Into Your Arms (feat. Ava Max)","Witt Lowry","Into Your Arms (feat. Ava Max)","Favorite Songs","Favorite","USAT21802013","0b11D9D0hMOYCIMN3OKreM"
"happier","Olivia Rodrigo","SOUR","Favorite Songs","Favorite","USUG12101247","2tGvwE8GcFKwNdAXMnlbfl"
"Looking at Me","Sabrina Carpenter","Singular Act II","Favorite Songs","Favorite","USHR11838865","59tskctgqUmjCWAwhzYAFm"
"Someone To You","BANNERS","Where The Shadow Ends","Favorite Songs","Favorite","USUM71705215","2f0pn9DkEJwAzXApnFh5cr"
"Show - Slowed & Reverb","Anass Marbouh","Show (Slowed)","Favorite Songs","Favorite","UKJKF2100960","5HQOLqyeWiChNhSSCKVnHw"
"No Lie","Sean Paul","Mad Love The Prequel","Favorite Songs","Favorite","GBUM71604557","48QmG1dfvMuYLxMPt7KSRA"
"Love In The Dark","Adele","25","Favorite Songs","Favorite","GBBKS1500221","0DuWDLjriRPjDRoPgaCslY"
"Youngblood","5 Seconds of Summer","Youngblood (Deluxe)","Favorite Songs","Favorite","GBUM71800366","2iUXsYOEPhVqEBwsqP70rE"
"Woman Like Me (feat. Nicki Minaj)","Little Mix","LM5 (Deluxe)","Favorite Songs","Favorite","GBHMU1800106","222B3aljXx6fFwKmFjuBED"
"Excuses","AP Dhillon","Excuses","Favorite Songs","Favorite","TCAFN2187787","29m79w9xPMH4YCD6r8JSmV"
"abcdefu","GAYLE","abcdefu","Favorite Songs","Favorite","USAT22103652","4fouWK6XVHhzl78KzQ1UjL"
"Runaway","AURORA","All My Demons Greeting Me As A Friend - Deluxe","Favorite Songs","Favorite","GBUM71500527","1v1oIWf2Xgh54kIWuKsDf6"
"God Must Hate Me","Catie Turner","God Must Hate Me","Favorite Songs","Favorite","USAT22107483","21xzFXSL2XkZ2mIzDDAqTK"
"Venom - Music From The Motion Picture","Eminem","Venom (Music From The Motion Picture)","Favorite Songs","Favorite","USUM71813345","3kpYJjvM8Ja6btr5hEJLWc"
"KESI - Remix","Camilo","KESI (Remix)","Favorite Songs","Favorite","USSD12100348","0IqCoZ168iRc9LqfrYgpZy"
"Rolling in the Deep","Adele","21","Favorite Songs","Favorite","GBBKS1000335","6IAZHEBUIGJ6NJKxxOBIEr"
"STAY (with Justin Bieber)","The Kid LAROI","STAY (with Justin Bieber)","Favorite Songs","Favorite","USSM12103949","5HCyWlXZPP0y6Gqq8TgA20"
"Jalebi Baby","Tesher","Jalebi Baby","Favorite Songs","Favorite","QZNWQ2070741","6GKGoi0FHzldk1ZRQoV1fv"
"Young Shahrukh","Tesher","Young Shahrukh","Favorite Songs","Favorite","QZFZ42057591","42C9YmmOF7PkiHWpulxzcq"
"Jashn-E-Bahaaraa","A.R. Rahman","Jodhaa Akbar (Original Motion Picture Soundtrack)","Favorite Songs","Favorite","INS170709394","1O5mTSQa0sCce9ghhDqIZl"
"Kun Faya Kun","A.R. Rahman","Rockstar","Favorite Songs","Favorite","INS181103501","7F8RNvTQlvbeBLeenycvN6"
"WITHOUT YOU (with Miley Cyrus)","The Kid LAROI","WITHOUT YOU (with Miley Cyrus)","Favorite Songs","Favorite","USSM12101722","1EHUQesfVKwbthtNcpBi9g"
"Aathi (From ""Kaththi"")","Anirudh Ravichander","Kaththi (Original Motion Picture Soundtrack)","Favorite Songs","Favorite","GBSGZ1400182","1FPhg4xpllC5P8lBDLMmfW"
"Heat Waves","Glass Animals","Dreamland (+ Bonus Levels)","Favorite Songs","Favorite","GBUM72000433","02MWAaffLxlfxAUY7c5dvx"
"My Universe","Coldplay","My Universe","Favorite Songs","Favorite","GBAYE2100952","3FeVmId7tL5YN8B7R3imoM"
"Run","OneRepublic","Run","Favorite Songs","Favorite","USUM72004315","2UbVnbE5FH6008mAm6Mmgw"
"Best Friend (feat. Doja Cat)","Saweetie","Best Friend (feat. Doja Cat)","Favorite Songs","Favorite","USWB12004547","2etHQJxIbV0soyPhelVs9Y"
"Taki Taki (with Selena Gomez, Ozuna & Cardi B)","DJ Snake","Taki Taki (with Selena Gomez, Ozuna & Cardi B)","Favorite Songs","Favorite","USUG11801723","4w8niZpiMy6qz1mntFA5uM"
"Brown Munde","AP Dhillon","Brown Munde","Favorite Songs","Favorite","TCAFC2063050","58f4twRnbZOOVUhMUpplJ4"
"Insane","AP Dhillon","Insane","Favorite Songs","Favorite","TCAFN2107496","3UhmuWcFaLS3AO3kI9ynQ2"
"Rockabye (feat. Sean Paul & Anne-Marie)","Clean Bandit","Rockabye (feat. Sean Paul & Anne-Marie)","Favorite Songs","Favorite","GBAHS1600363","5knuzwU65gJK7IF5yJsuaW"
"The Nights","Avicii","The Days / Nights","Favorite Songs","Favorite","CH3131340464","0ct6r3EGTcMLPtrXHDvVjc"
"What Makes You Beautiful","One Direction","Up All Night","Favorite Songs","Favorite","GBHMU1100018","4cluDES4hQEUhmXj6TXkSo"
"Girls Like You (feat. Cardi B) - Cardi B Version","Maroon 5","Girls Like You (feat. Cardi B)","Favorite Songs","Favorite","USUM71805272","6FRLCMO5TUHTexlWo8ym1W"
"Love Is Gone - Acoustic","SLANDER","Love Is Gone (Acoustic)","Favorite Songs","Favorite","CA5KR1969481","7F1CiKqrY44kh5cDqwHOnx"
"Send My Love (To Your New Lover)","Adele","25","Favorite Songs","Favorite","GBBKS1500215","563SfWAHJs4FBZMkRN0IFN"
"Samajavaragamana","Sid Sriram","Ala Vaikunthapurramuloo","Favorite Songs","Favorite","INA091916623","3j9DrRebdWK1jkpOw9FZUy"
"Mast Magan","Arijit Singh","2 States","Favorite Songs","Favorite","INS181400606","3uL1IBFhg52VcQqOwAG01E"
"Ajab Si","KK","Om Shanti Om","Favorite Songs","Favorite","INS180705748","5FXMRdJjKq1BIX4e8Eg9mK"
"Challa","A.R. Rahman","Jab Tak Hai Jaan","Favorite Songs","Favorite","INY091200041","6wXPV6dNRAhFavrRaCdMXT"
"DESIRES","AP Dhillon","HIDDEN GEMS","Favorite Songs","Favorite","TCAFX2133359","5pcmtf1lwrMqmAWWm248fY"
"Rangi Saari","Kavita Seth","Rangi Saari","Favorite Songs","Favorite","FR2X42039557","3F2BSn4ayglzMwquBRHZq6"
"I GUESS I'M IN LOVE","Clinton Kane","I GUESS I'M IN LOVE","Favorite Songs","Favorite","USSM12104467","1is8gU4RVcN4J8xItxWoOY"
"Boyfriend","Dove Cameron","Boyfriend","Favorite Songs","Favorite","USQX92200693","59CfNbkERJ3NoTXDvoURjj"
"Happier Than Ever - Edit","Billie Eilish","Happier Than Ever (Edit)","Favorite Songs","Favorite","USUM72116908","32BeYxKPrig1LefHsC0Xuo"
"We Don't Talk About Bruno","Carolina Gaitán","Encanto (Original Motion Picture Soundtrack)","Favorite Songs","Favorite","USWD12112915","52xJxFP6TqMuO4Yt0eOkMz"
"Way Back Home (feat. Conor Maynard) - Sam Feldt Edit","SHAUN","Way Back Home (feat. Conor Maynard) [Sam Feldt Edit]","Favorite Songs","Favorite","NLZ541801807","1ZLrDPgR7mvuTco3rQK8Pk"
"Dancing With Your Ghost","Sasha Alex Sloan","Dancing With Your Ghost","Favorite Songs","Favorite","USRC11901644","1TQXIltqoZ5XXyfCbAeSQQ"
"Oh My God","Adele","30","Favorite Songs","Favorite","USSM12105973","3Kkjo3cT83cw09VJyrLNwX"
"Sunflower - Spider-Man: Into the Spider-Verse","Post Malone","Spider-Man: Into the Spider-Verse (Soundtrack From & Inspired by the Motion Picture)","Favorite Songs","Favorite","USUM71814888","3KkXRkHbMCARz0aVfEt68P"
"Easy On Me","Adele","30","Favorite Songs","Favorite","USSM12105970","46IZ0fSY2mpAiktS3KOqds"
"Chaand Baaliyan","Aditya A","Chaand Baaliyan","Favorite Songs","Favorite","TCAES2072778","0snQrp1VaY5Pj1YIHRJpRJ"
"double take","Dhruv","rapunzel","Favorite Songs","Favorite","GBMJG1911043","0QzuaeCEEOV40Pn7IvKEny"
"Darshana - From ""Hridayam""","Hesham Abdul Wahab","Darshana (From ""Hridayam"")","Favorite Songs","Favorite","INT202102847","4BBwON1XG02S4cpYrV10u2"
"another love - slowed + reverb","slō","another love - slowed + reverb","Favorite Songs","Favorite","GX3HH2231865","4RuOGXz6yY6V3hZgYK01F5"
"Unforgettable","French Montana","Jungle Rules","Favorite Songs","Favorite","USSM11703478","3B54sVLJ402zGa6Xm4YGNe"
"Water Under the Bridge","Adele","25","Favorite Songs","Favorite","GBBKS1500219","2DRMuw0U0QbkVQxWxdJV3M"
"THATS WHAT I WANT","Lil Nas X","MONTERO","Favorite Songs","Favorite","USSM12105732","0e8nrvls4Qqv5Rfa2UhqmO"
"Water Fountain","Alec Benjamin","Narrated For You","Favorite Songs","Favorite","USAT21811720","4IhKLu7Vk3j2TLmnFPl6To"
"Older","Sasha Alex Sloan","Older","Favorite Songs","Favorite","USRC11803527","52iLDrSoRtf9lcgFuLVfqE"
"comethru","Jeremy Zucker","summer,","Favorite Songs","Favorite","USUM71813455","18uwL0vNUanqZH0ro2QcOP"
"It's You","Ali Gatie","YOU","Favorite Songs","Favorite","USWB11901154","5DqdesEfbRyOlSS3Tf6c29"
"Mad at Disney","salem ilese","Mad at Disney","Favorite Songs","Favorite","QMEZE2076989","7aGyRfJWtLqgJaZoG9lJhE"
"Hold On","Chord Overstreet","Hold On","Favorite Songs","Favorite","USUM71615568","5vjLSffimiIP26QG5WcN2K"
"Make It Right (feat. Lauv)","BTS","Make It Right (feat. Lauv)","Favorite Songs","Favorite","QMBZ91934309","2WH4oy1SYppZrcdgKwSA0j"
"Kaanan Thonnununde","Sidharth Sankar","Kaanan Thonnununde","Favorite Songs","Favorite","INA982100570","1gTIKP4pj2Lic8oJHjVMtF"
"Maine Royaan","Tanveer Evan","Maine Royaan","Favorite Songs","Favorite","GBSMU9712184","1qmHr1OlmHiHPKX4GuUWnz"
"WE ROLLIN","Shubh","WE ROLLIN","Favorite Songs","Favorite","QZMEQ2168582","605r6rtj7kBlJwZWmYx1Dt"
"Akhiyaan","Mitraz","Akhiyaan","Favorite Songs","Favorite","QZDA62245851","2l3dFxtoSMgMQVyRIUHjpz"
"Mehabooba","Ananya Bhat","Kgf Chapter 2","Favorite Songs","Favorite","INS182200783","3Hl8IV6SLR8h40GiJquKDU"
"That's Hilarious","Charlie Puth","That's Hilarious","Favorite Songs","Favorite","USAT22202621","1jIMjbzcGCcCQn5iMu9CUc"
"NO LOVE","Shubh","NO LOVE","Favorite Songs","Favorite","QZDA52252890","5B4YQN1FCuADJ0o4phAtwC"
"Aankhon Se Batana","Dikshant","Aankhon Se Batana","Favorite Songs","Favorite","TCAGA2213003","1ZiReD9pPTttQWwSoYqdyH"
"cinderella's dead","EMELINE","cinderella's dead","Favorite Songs","Favorite","USUG12201893","5MWXOo8DJwgODtPGaietNz"
"Skin","Sabrina Carpenter","Skin","Favorite Songs","Favorite","USUM72100805","03B2SfXuvDh1m9F4tqrX07"
"Parudeesa","Sreenath Bhasi","Bheeshma Parvam","Favorite Songs","Favorite","INO332200001","7v9H4CsUcaoeXSCkhv0xHa"
"Tere Jeya Hor Disda (LoFi)","Madhur Sharma","Tere Jeya Hor Disda (LoFi)","Favorite Songs","Favorite","FRX762155049","3dBlOhEY4xdQB2Ge4NzULx"
"that way","Tate McRae","all the things i never said","Favorite Songs","Favorite","USRC11903528","7l97ElWmIdVHWUaOeeU5ZC"
"jealousy, jealousy","Olivia Rodrigo","SOUR","Favorite Songs","Favorite","USUG12101248","0MMyJUC3WNnFS1lit5pTjk"
"Rewrite The Stars (with James Arthur & Anne-Marie)","James Arthur","Rewrite The Stars (with James Arthur & Anne-Marie)","Favorite Songs","Favorite","USAT21811554","6mQLN3zRtAp6ovjusyYKrV"
"Daisy","Ashnikko","Daisy","Favorite Songs","Favorite","GBAYE2000596","0AUvWawuP0ibk4SQ3sIZjk"
"Slumber Party (feat. Princess Nokia)","Ashnikko","DEMIDEVIL","Favorite Songs","Favorite","GBAYE2000706","11ZulcYY4lowvcQm4oe3VJ"
"Heather - Spotify Singles","Tate McRae","Spotify Singles","Favorite Songs","Favorite","USRC12003815","2GSLoT7abyYGchSSDCpWEI"
"Heaven","Julia Michaels","Fifty Shades Freed (Original Motion Picture Soundtrack)","Favorite Songs","Favorite","USQ4E1703344","1T575AhHueYinKSDflEsGK"
"Snowman","Sia","Everyday Is Christmas (Deluxe Edition)","Favorite Songs","Favorite","USAT21704212","7uoFMmxln0GPXQ0AcCBXRq"
"Middle Of The Night (Slowed + Reverb)","Johnny Rockstar","Middle Of The Night (Slowed + Reverb)","Favorite Songs","Favorite","QZHNC2295981","0QQgpmiiFnOHok5lNsizdW"
"This City","Sam Fischer","This City","Favorite Songs","Favorite","TCADL1840559","3H3r2nKWa3Yk5gt8xgmsEt"
"","","","Favorite Songs","Favorite","","6XYQvYJzHjK5150Vl7NKfJ"
"Perfect","One Direction","Made In The A.M. (Deluxe Edition)","Favorite Songs","Favorite","GBHMU1500104","3NLnwwAQbbFKcEcV8hDItk"
"Only Love Can Hurt Like This - Slowed Down Version","Paloma Faith","Only Love Can Hurt Like This (Slowed Down Version)","Favorite Songs","Favorite","GBARL2200328","48CKzGWOC65n8a8kdANJV8"
"Unfinished Hope","Govind Vasantha","Premam","Favorite Songs","Favorite","INM811456922","66Hpf7QKac3IGc0GZrnC05"
"Eyes Off You","PRETTYMUCH","Phases - EP","Favorite Songs","Favorite","GBHMU1900021","0VpEX8ib3wE7u8NOw4szU6"
"Ghost","Justin Bieber","Justice","Favorite Songs","Favorite","USUM72102635","6I3mqTwhRpn34SLVafSH7G"
"Glimpse of Us","Joji","Glimpse of Us","Favorite Songs","Favorite","USWB12201789","6xGruZOHLs39ZbVccQTuPZ"
"Let Her Go","Passenger","All The Little Lights","Favorite Songs","Favorite","GBMQN1100004","7DFNE7NO0raLIUbgzY2rzm"
"Aziyat 2.0 - Reprise Version","Pratsofficial","Aziyat 2.0 (Reprise Version)","Favorite Songs","Favorite","QZFYZ2138450","3fwyItGexa88kR8j76dIqv"
"Pavizha Mazha","P S Jayhari","Athiran (Original Motion Picture Soundtrack)","Favorite Songs","Favorite","INM201910130","36bYASwok7rBHAkrqiPdnu"
"Looper Theme","Rajesh Murugesan","Premam","Favorite Songs","Favorite","INM811456917","3FyDg8tONXXnLi6b3fZzSe"
"High Speed Drifting","Shubranil Sarkar","Premam","Favorite Songs","Favorite","INM811456916","4nSfIy077ygiPXrJH25eJw"
"Mukkathe Penne","Mohammed Maqbool Mansoor","Ennu Ninte Moideen (Original Motion Picture Soundtrack)","Favorite Songs","Favorite","INS321504806","5IRJptk3sgmXrrqAbML9nv"
"Malare","Vijay Yesudas","Premam","Favorite Songs","Favorite","INM811456901","4Hvf9xIeJWp5p9FkJerQhN"
"Arike Ninna","Hesham Abdul Wahab","Hridayam (Side A) [Original Motion Picture Soundtrack]","Favorite Songs","Favorite","INT202102897","4qjtxUZ8RR5FiEbgWd6p9Q"
"Wait a Minute!","WILLOW","ARDIPITHECUS","Favorite Songs","Favorite","QMJMT1500801","0y60itmpH0aPKsFiGxmtnh"
"drivers license","Olivia Rodrigo","SOUR","Favorite Songs","Favorite","USUG12004749","5wANPM4fQCJwkGd4rN57mH"
"All I Want - Love That Lasts Mix","Olivia Rodrigo","All I Want (Love That Lasts Mix)","Favorite Songs","Favorite","USWD12096558","05ZA9WD25P4ynY41Bd15Km"
"Young And Beautiful","Lana Del Rey","Young And Beautiful","Favorite Songs","Favorite","GBUM71301823","2nMeu6UenVvwUktBCpLMK9"
"Mudhal Nee Mudivum Nee Title Track (From ""Mudhal Nee Mudivum Nee"")","Darbuka Siva","Mudhal Nee Mudivum Nee Title Track (From ""Mudhal Nee Mudivum Nee"")","Favorite Songs","Favorite","INS172002791","1AzNN19lPYC68iacrbWL8X"
"Megham Karukatha (From ""Thiruchitrambalam"")","Dhanush","Megham Karukatha (From ""Thiruchitrambalam"")","Favorite Songs","Favorite","QM6N22298883","6TQS7URegxmcb8tTNpoXzi"
"Ole Melody - From ""Thallumaala""","Haricharan","Thallumaala","Favorite Songs","Favorite","INM812200106","4wMpv5KCDYSCQ0rWwKON0E"
"Strawberries & Cigarettes","Troye Sivan","Strawberries & Cigarettes","Favorite Songs","Favorite","AUUM71701204","3afkJSKX0EAMsJXTZnDXXJ"
"Don’t Blame Me","Taylor Swift","reputation","Favorite Songs","Favorite","USCJY1750006","1R0a2iXumgCiFb7HEZ7gUE"
"Reckless","Madison Beer","Reckless","Favorite Songs","Favorite","USSM12102874","5ajjAnNRh8bxFvaVHzpPjh"
"In The Stars","Benson Boone","In The Stars","Favorite Songs","Favorite","USWB12201574","1ei3hzQmrgealgRKFxIcWn"
"Our Song","Anne-Marie","Therapy","Favorite Songs","Favorite","GBAHS2100222","3fGW43fnu3OHEw6ohTC2Bw"
"What A Time (feat. Niall Horan)","Julia Michaels","Inner Monologue Part 1","Favorite Songs","Favorite","USUM71900686","5WtfUKzXircvW8l5aaVZWT"
"Beautiful People (feat. Khalid)","Ed Sheeran","Beautiful People (feat. Khalid)","Favorite Songs","Favorite","GBAHS1900885","4evmHXcjt3bTUHD1cvny97"
"Rasiya (From ""Brahmastra"")","Pritam","Rasiya (From ""Brahmastra"")","Favorite Songs","Favorite","INS172221773","4Hv055xg1SZZgwwGBx8Cr5"
"Love Me","Justin Bieber","My World","Favorite Songs","Favorite","USUM70902893","0yIywEquxORnu1dR0WYsdN"
"Kali Kali Zulfon Ke (Lo-Fi)","Madhur Sharma","Kali Kali Zulfon Ke (Lo-Fi)","Favorite Songs","Favorite","FR10S2292960","7oN0Wo7sCVvXPdpxoio3JM"
"I Wanna Be Yours","Arctic Monkeys","AM","Favorite Songs","Favorite","GBCEL1300373","5XeFesFbtLpXzIVDNQP22n"
"Atlantis","Seafret","Tell Me It's Real (Expanded Edition)","Favorite Songs","Favorite","GBARL1500316","1Fid2jjqsHViMX6xNH70hE"
"Maan Meri Jaan","King","Champagne Talk","Favorite Songs","Favorite","INW272200083","1418IuVKQPTYqt7QNJ9RXN"
"you were there for me","Henry Moodie","you were there for me","Favorite Songs","Favorite","UKW3Z2201508","0C3shWEOObGT5IxApC7Mkg"
"Traumazine","Megan Thee Stallion","Traumazine","Favorite Albums","Album","075679731203","4YP0h2KGDb20eJuStnBvim"
"Jonita Gandhi","","","Favorite Artists","Artist","","00sCATpEvwH48ays7PlQFU"
"Dev Negi","","","Favorite Artists","Artist","","04FsFHujpuqonrPXZrEJlK"
"Taylor Swift","","","Favorite Artists","Artist","","06HL4z0CvFAxyc27GXpf02"
"Selena Gomez","","","Favorite Artists","Artist","","0C8ZW7ezQVs4URX5aX7Kqx"
"Ellie Goulding","","","Favorite Artists","Artist","","0X2BH1fck6amBIoJhDVmmJ"
"MAMAMOO","","","Favorite Artists","Artist","","0XATRDCYuuGhk0oE7C0o5G"
"Nicki Minaj","","","Favorite Artists","Artist","","0hCNtLu0JehylgoiP8L4Gh"
"Megan Thee Stallion","","","Favorite Artists","Artist","","181bsRPaVXVlUKXrxwZfHK"
"Niall Horan","","","Favorite Artists","Artist","","1Hsdzj7Dlq2I7tHP7501T4"
"Olivia Rodrigo","","","Favorite Artists","Artist","","1McMsnEElThX1knmY4oliG"
"AURORA","","","Favorite Artists","Artist","","1WgXqy2Dd70QQOU7Ay074N"
"The Weeknd","","","Favorite Artists","Artist","","1Xyo4u8uXC1ZmMpatF05PJ"
"A.R. Rahman","","","Favorite Artists","Artist","","1mYsTxnqsietFxj1OgoGbG"
"Gajendra Verma","","","Favorite Artists","Artist","","1yzgJmZf5CxtFfGfRFm4Si"
"Anne-Marie","","","Favorite Artists","Artist","","1zNqDE7qDGCsyzJwohVaoX"
"Post Malone","","","Favorite Artists","Artist","","246dkjvS1zLTtiykXe5h60"
"Halsey","","","Favorite Artists","Artist","","26VFTg2z8YR0cCuwLzESi2"
"Abhay Jodhpurkar","","","Favorite Artists","Artist","","27rK4pP0VMqWiRe7pamKe5"
"Nucleya","","","Favorite Artists","Artist","","2CkrXQPoBz8jTQ3u0ZeLPh"
"Darshan Raval","","","Favorite Artists","Artist","","2GoeZ0qOTt6kjsWW4eA6LS"
"Maninder Buttar","","","Favorite Artists","Artist","","2sN4fSzAm2rAL0HIurPCEM"
"Alessia Cara","","","Favorite Artists","Artist","","2wUjUUtkb5lvLKcGKsKqsR"
"BTS","","","Favorite Artists","Artist","","3Nrfpe0tUJi4K4DXYWgMUX"
"Arjun Kanungo","","","Favorite Artists","Artist","","3bAFvRjPZrpRz9Ox1sElQa"
"Little Mix","","","Favorite Artists","Artist","","3e7awlrlDSwF3iM0WBjGMp"
"Harshdeep Kaur","","","Favorite Artists","Artist","","3xU8YsNNkmWSPewlB18NUz"
"BLACKPINK","","","Favorite Artists","Artist","","41MozSoPIsD1dJM0CLPjZF"
"Tate McRae","","","Favorite Artists","Artist","","45dkTj5sMRSjrmBSBeiHym"
"Tesher","","","Favorite Artists","Artist","","49YbNTLaaAbZHLtDI2aPGL"
"One Direction","","","Favorite Artists","Artist","","4AK6F7OLvEQ5QYCBNiQWHq"
"Armaan Malik","","","Favorite Artists","Artist","","4IKVDbCSBTxBeAsMKjAuTs"
"Harrdy Sandhu","","","Favorite Artists","Artist","","4ITkqBlf5eoVCOFwsJCnqo"
"Arijit Singh","","","Favorite Artists","Artist","","4YRxDV8wJFPHPTeXepOstw"
"Tanishk Bagchi","","","Favorite Artists","Artist","","4f7KfxeHq9BiylGmyXepGt"
"Camila Cabello","","","Favorite Artists","Artist","","4nDoRrQiYLoBzwC5BhVJzF"
"Anirudh Ravichander","","","Favorite Artists","Artist","","4zCH9qm4R2DADamUHMCa6O"
"B Praak","","","Favorite Artists","Artist","","56SjZARoEvag3RoKWIb16j"
"Louis Tomlinson","","","Favorite Artists","Artist","","57WHJIHrjOE3iAxpihhMnp"
"Alec Benjamin","","","Favorite Artists","Artist","","5IH6FPUwQTxPSXurCrcIov"
"Agust D","","","Favorite Artists","Artist","","5RmQ8k4l3HZ8JoPb4mNsML"
"ZAYN","","","Favorite Artists","Artist","","5ZsFI1h6hIdQRw2ti0hz81"
"Rihanna","","","Favorite Artists","Artist","","5pKCCKE2ajJHZ9KAiaK11H"
"Guru Randhawa","","","Favorite Artists","Artist","","5rQoBDKFnd1n6BkdbgVaRL"
"Melanie Martinez","","","Favorite Artists","Artist","","63yrD80RY3RNEM2YDpUpO8"
"Bebe Rexha","","","Favorite Artists","Artist","","64M6ah0SkkRsnPGtGiRAbb"
"Ariana Grande","","","Favorite Artists","Artist","","66CXWjxzNUsdJxJ2JdwvnR"
"Harry Styles","","","Favorite Artists","Artist","","6KImCVD70vtIoJWnq6nGn3"
"Ashe","","","Favorite Artists","Artist","","6P5NO5hzJbuOqSdyPB7SJM"
"Ritviz","","","Favorite Artists","Artist","","72beYOeW2sb2yfcS4JsRvb"
"Sabrina Carpenter","","","Favorite Artists","Artist","","74KM79TiuVKeVCqs8QtB0B"
"Eminem","","","Favorite Artists","Artist","","7dGJo4pcD2V6oG8kP0tJRR"
"Shawn Mendes","","","Favorite Artists","Artist","","7n2wHs1TKAczGzO7Dd2rGr"
"Alan Walker","","","Favorite Artists","Artist","","7vk5e3vY1uw9plTHJAMwjN"
"Raanjhanaa","A.R. Rahman","Raanjhanaa (Original Motion Picture Soundtrack)","LOV","Playlist","INS171300392","5OMUXgfXsSukZ0zxelpC3b"
"Mitti Di Khushboo","Rochak Kohli","Mitti Di Khushboo","LOV","Playlist","INS181402294","7tp4iYvcZksGp1u7feUrrO"
"Wafa Ne Bewafai (From ""Teraa Surroor"")","Arijit Singh","Arijit Singh Broken Strings","LOV","Playlist","INS181600183","0KCELNf5it4kL3LGwR80cj"
"Ye Tune Kya Kiya","Pritam","Once Upon Ay Time In Mumbai Dobaara !","LOV","Playlist","INS181304385","2cPUB8EOT6AfJ8oxhyoNXL"
"Mast Magan","Arijit Singh","2 States","LOV","Playlist","INS181400606","3uL1IBFhg52VcQqOwAG01E"
"Hasi - Female Version","Ami Mishra","Hamari Adhuri Kahani (Original Motion Picture Soundtrack)","LOV","Playlist","INS171500728","1cmZbGkCEVVAck2MsWpPYQ"
"Kabira","Pritam","Yeh Jawaani Hai Deewani","LOV","Playlist","INS181303780","4bD9z9qa4qg9BhryvYWB7c"
"Tujh Mein Rab Dikhta Hai","Salim–Sulaiman","Rab Ne Bana Di Jodi","LOV","Playlist","INY090800053","2LcXJP95e4HKydTZ2mYfrx"
"Ghalat Fehmi - From ""Superstar""","Asim Azhar","Ghalat Fehmi (From ""Superstar"")","LOV","Playlist","PKA0A1905755","5mnvugwfFYnJm9zuyGkgqF"
"Fallin for You","Shrey Singhal","Fallin for You","LOV","Playlist","FR2X41906071","3uOh60vBloFwAv1akxP5Mj"
"Ajab Si","KK","Om Shanti Om","LOV","Playlist","INS180705748","5FXMRdJjKq1BIX4e8Eg9mK"
"Jashn-E-Bahaaraa","A.R. Rahman","Jodhaa Akbar (Original Motion Picture Soundtrack)","LOV","Playlist","INS170709394","1O5mTSQa0sCce9ghhDqIZl"
"Main Agar Kahoon","Sonu Nigam","Om Shanti Om","LOV","Playlist","INS180705751","0iXLwnLmLwn9y54JtBTNxY"
"Chand Sifarish","Jatin-Lalit","Fanaa","LOV","Playlist","INY090600009","5EYZZvmNAH5VZCwuzYJqoA"
"Mudhal Nee Mudivum Nee Title Track (From ""Mudhal Nee Mudivum Nee"")","Darbuka Siva","Mudhal Nee Mudivum Nee Title Track (From ""Mudhal Nee Mudivum Nee"")","LOV","Playlist","INS172002791","1AzNN19lPYC68iacrbWL8X"
"Kanave Kanave","Anirudh Ravichander","David","LOV","Playlist","INS181207772","6sPW145Y3LSXd4p1LjBOcS"
"Harleys In Hawaii","Katy Perry","Smile","LOV","Playlist","USUM71919682","3B4etxytImrRKQgV3XHjnR"
"Yaen Ennai Pirindhaai","Sid Sriram","Adithya Varma","LOV","Playlist","INA091916625","2GYzXSeNa3Y0BfIfS1VJj3"
"Orasaadha - Madras Gig","Vivek - Mervin","Orasaadha (Madras Gig)","LOV","Playlist","INS171801713","7fec0UcxeHVe6kHIez2GSs"
"Shower","Becky G","Shower","LOV","Playlist","USRC11400866","3DmW6y7wTEYHJZlLo1r6XJ"
"At My Worst","Pink Sweat$","PINK PLANET","LOV","Playlist","USAT22003823","2MJz8BxxMsERULatmBikDH"
"a thousand years","Christina Perri","a thousand years","LOV","Playlist","USAT21102141","6lanRgr6wXibZr8KgzXxBl"
"Haule Haule","Salim–Sulaiman","Rab Ne Bana Di Jodi","LOV","Playlist","INY090800054","2UKK9UEbKlykbmLVP1zWIQ"
"Moongil Thottam","A.R. Rahman","Kadal (Original Motion Picture Soundtrack)","LOV","Playlist","INS171201043","5PNZX8yqzqqAMPpl3UAoaP"
"Pogiren","Mugen Rao","Pogiren","LOV","Playlist","MYIB11700935","4beibTdsFNXHq7bosci34R"
"Subhanallah","Pritam","Yeh Jawaani Hai Deewani","LOV","Playlist","INS181303781","0GQngE2rOYvlKwEQjTAsP8"
"Chaand Baaliyan","Aditya A","Chaand Baaliyan","LOV","Playlist","TCAES2072778","0snQrp1VaY5Pj1YIHRJpRJ"
"Anuraghathin Velayil","Vineeth Sreenivasan","Thattathin Marayathu (Original Motion Picture Soundtrack)","LOV","Playlist","INS321204317","45qfKR6AH0iddUNaRUo9Zc"
"Main Dhoondne Ko Zamaane Mein","Arijit Singh","Heartless","LOV","Playlist","INS181306923","75p6BrziB5urmwPCeXl3y7"
"THATS WHAT I WANT","Lil Nas X","MONTERO","LOV","Playlist","USSM12105732","0e8nrvls4Qqv5Rfa2UhqmO"
"Nothing Breaks Like a Heart (feat. Miley Cyrus)","Mark Ronson","Late Night Feelings","LOV","Playlist","GBARL1801571","02dRkCEc8Q5ch4TTcnLxOn"
"love nwantiti (feat. Dj Yo! & AX'EL) - Remix","CKay","love nwantiti (feat. Dj Yo! & AX'EL) [Remix]","LOV","Playlist","QZHN32199953","4gvrJnKCKIPiacNsWVQwEU"
"Loveeeeeee Song","Rihanna","Unapologetic - Deluxe","LOV","Playlist","USUM71214740","3DZQ6mzUkAdHqZWzqxBKIK"
"good 4 u","Olivia Rodrigo","SOUR","LOV","Playlist","USUG12101245","4ZtFanR9U6ndgddUvNcjcG"
"Watermelon Sugar","Harry Styles","Fine Line","LOV","Playlist","USSM11912587","6UelLqGlWMcVH1E5c4H7lY"
"Golden","Harry Styles","Fine Line","LOV","Playlist","USSM11912586","45S5WTQEGOB1VHr1Q4FuPl"
"Save Your Tears (Remix) (with Ariana Grande) - Bonus Track","The Weeknd","After Hours (Deluxe)","LOV","Playlist","USUG12101839","1oFAF1hdPOickyHgbuRjyX"
"Trampoline (with ZAYN)","SHAED","Melt (Deluxe)","LOV","Playlist","QZ47A1900210","2ez6qvOTHKeI3ss80NGqnI"
"What A Time (feat. Niall Horan)","Julia Michaels","Inner Monologue Part 1","LOV","Playlist","USUM71900686","5WtfUKzXircvW8l5aaVZWT"
"Chekuthan (Reprise)","Ribin Richard","Chekuthan (Reprise)","LOV","Playlist","INA982100391","6N0Z9weSdoXUzL0wbqQD4h"
"Arabic Kuthu - Halamithi Habibo (From ""Beast"")","Anirudh Ravichander","Arabic Kuthu - Halamithi Habibo (From ""Beast"")","LOV","Playlist","QM4TW2268780","6yvxu91deFKt3X1QoV6qMv"
"Pasoori","Shae Gill","Pasoori","LOV","Playlist","FR10S2289473","7lvDsmTRXFE3dK4OjvRiWB"
"Tu Aake Dekhle","King","The Carnival","LOV","Playlist","FRX762050882","0yCWDaAgOtg6TKlNCg9rwA"
"Dandelions","Ruth B.","Safe Haven","LOV","Playlist","USSM11703468","2eAvDnpXP5W0cVtiI0PUxV"
"Maula Mere Maula - LoFi","Roop Kumar Rathod","LoFi Songs","Spotgram ","Playlist","INH102101867","0Dbmxz5YHho9MgiXVsZXeE"
"Kabhi Alvida Naa Kehna - Lofi Flip","Hasu","Kabhi Alvida Naa Kehna (Lofi Flip)","Spotgram ","Playlist","INS172104308","2DGlEw5f8U2Mp5J3TpSngv"
"O Khuda (Slowed And Reverb)","Vepiratuko","O Khuda (Slowed And Reverb)","Spotgram ","Playlist","QZHN62177623","3aUmkujn9aU7hu3wpoV6t4"
"fix me","kobzx2z","fix me","Spotgram ","Playlist","QZN882179227","3ksl6hn7Ya34q5K3cl7w9I"
"Money Heist X Itni Si Baat Hain - Lofi Mix","It's DPK","Money Heist X Itni Si Baat Hain (Lofi Mix)","Spotgram ","Playlist","QZN882178055","2vIho84nVBakUqtvQPSm0K"
"Stan - Lofi","Bearded Lofi Music","Stan - Lofi","Spotgram ","Playlist","QZMER2126022","0UuJO2FQVjgS9IbpBF0ges"
"Hadal Ahbek (Slowed Reverb)","Farizki","Hadal Ahbek (Slowed Reverb)","Spotgram ","Playlist","QZNMU2126854","21KEqprbKxal71vYSYMyE2"
"O Saathi - Slowed","Blu Shore","O Saathi","Spotgram ","Playlist","AUBEC2103764","34ICjpmpWdiVYAHZS6ioaC"
"Beete lamhe lofi","Kshitiz","Beete lamhe lofi","Spotgram ","Playlist","QZFZ42175595","44mxPhE3QBDgqpPxSyd5JZ"
"Aaj Din Chadheya","Stavya Kaila","Aaj Din Chadheya","Spotgram ","Playlist","QZDA82147080","2TwGKgZ8wTdmMNIBChUcHx"
"Chidiya (Lo-fi)","Dev Bhawsar","Chidiya (Lo-fi)","Spotgram ","Playlist","IND862100765","5ssxJLl0LKA58C2Siv3Jmg"
"Sajdaa - Lofi Flip","Deepanshu Ruhela","Sajdaa (Lofi Flip)","Spotgram ","Playlist","INS172104306","3qToa7nSnKh49amY8uWS3B"
"Raataan Lambiyan (From ""Shershaah"")","Tanishk Bagchi","Raataan Lambiyan (From ""Shershaah"")","Spotgram ","Playlist","INS172102667","2rOnSn2piaqLAlYjtfUBlY"
"Kinna Sona","Sahil Arun","Kinna Sona","Spotgram ","Playlist","GX38U2206884","43zAeubINaItVCIhyhtzDf"
"We Don't Talk Anymore [Slowed + Reverb]","Yusei","We Don't Talk Anymore [Slowed + Reverb]","Spotgram ","Playlist","QZK6K2069497","5kX1LMGQ2gjOti9j94ehdT"
"Dil Ibaadat - Lofi Flip","Pritam","Dil Ibaadat (Lofi Flip)","Spotgram ","Playlist","INS172102162","16cuM5q46CqebnhdRB1nQG"
"Kabira - VIP REMIX","Tochi Raina","Kabira (VIP REMIX)","Spotgram ","Playlist","QZN882125856","7uMVfx1GOrRWm0rFZsVnuw"
"Aankhon Mein Teri Ajab Si - Lofi Flip","Swattrex","Aankhon Mein Teri Ajab Si (Lofi Flip)","Spotgram ","Playlist","FRS182142850","43nwksIUz9LtpM05Gyw2tt"
"Shayad - Lofi Flip","VIBIE","Shayad (Lofi Flip)","Spotgram ","Playlist","INS172102751","0s8Ht3XaHDQuDjLnK3xVMW"
"Pehli Nazar Mein (Lofi Mix)","Pritam","Pehli Nazar Mein (Lofi Mix)","Spotgram ","Playlist","INT102101364","2HKFoMC6jXuDwavUOdpuky"
"D u s k T i l l D a w n (slowed reverb)","FiloChill","D u s k T i l l D a w n (slowed reverb)","Spotgram ","Playlist","TCAFM2156868","7M933CBt5jHL6m4v2wqBrJ"
"Laaree Chootee","WORMONO","Laaree Chootee","Spotgram ","Playlist","QM42K2126618","3QGtNcx26J7N0TzeCAidyN"
"Hawayein - Lofi Flip","VIBIE","Hawayein (Lofi Flip)","Spotgram ","Playlist","INS172200767","5w1MhmSc5S5iHnhy4s3fFb"
"Jaan Nisaar (LoFi Flip)","Tashif","Jaan Nisaar (LoFi Flip)","Spotgram ","Playlist","GX5MX2161757","3HC0I9tNuJPAjpqxMQOXmG"
"Sha- Dobara","Shashwat Sachdev","Sha- Dobara","Spotgram ","Playlist","FRX202131743","2ygS9eInDfG5prFbeeiEYC"
"Tere Jeya Hor Disda (LoFi)","Madhur Sharma","Tere Jeya Hor Disda (LoFi)","Spotgram ","Playlist","FRX762155049","3dBlOhEY4xdQB2Ge4NzULx"
"Aashayein - Slow Version","KK","Iqbal (Original Motion Picture Soundtrack)","Spotgram ","Playlist","INT101402274","4vQ0PCcy5uPJBgLxCKarKK"
"Aaoge jab tum o sajna unplugged","Nitin Shukla","Aaoge jab tum o sajna unplugged","Spotgram ","Playlist","GBSMU9252400","03m3kX5QmsPQaA1Xl5gfP4"
"Chaap Tilak","Jeffrey Iqbal","Chaap Tilak","Spotgram ","Playlist","TCAEY2059053","6bQVF0ZSndzISHx8ZPupZh"
"Main To Hun Pagal","Amogh Agarwal","Main To Hun Pagal","Spotgram ","Playlist","GBLLT2104146","43YvLAepLZu5BipJrTRlPT"
"Udja Kale Kawa Lofi","Surade|3AM VIBES","Udja Kale Kawa Lofi","Spotgram ","Playlist","BXY5K2137168","7aB0zaUYVmVGPlN9YDWP3U"
"Aanewala Pal Janewala Hai - LoFi","Kishore Kumar","LoFi Chill Mix","Spotgram ","Playlist","INH102103291","2aQqCFzqHLzwUtZfunyckh"
"Baarishein","Anuv Jain","Baarishein","Spotgram ","Playlist","TCADK1712757","5iCY0TXNImK4hyKfcplQsg"
"Zinda","Harish Budhwani","Zinda","Spotgram ","Playlist","QZNWT2055848","0dMNJlWGYPqNWUH0lf09wm"
"Tum Jo Aaye x Ye Tune Kya Kiya x Ishq Sufiyana (Medley)","Khudgharz Official","Tum Jo Aaye x Ye Tune Kya Kiya x Ishq Sufiyana (Medley)","Spotgram ","Playlist","GBSMU0061700","1uAlO1HjLStmiHucLNgNpo"
"Afreen Afreen | Kabira","Tanushree","Afreen Afreen | Kabira","Spotgram ","Playlist","QZFZ62114267","1KOlZvVBoZn4jxm50cIUnA"
"Soniyo - Lofi Flip","Deepanshu Ruhela","Soniyo (Lofi Flip)","Spotgram ","Playlist","INS172103937","67nxgDAXgyahpQ0DMqM6lW"
"Masakali Lofi","Aelo","Masakali Lofi","Spotgram ","Playlist","QZES72272646","3h2fWHRNQrwgPRvK6aXz8X"
"Aaoge Jab Tum - Lofi","Pragati Naagar","Aaoge Jab Tum (Lofi)","Spotgram ","Playlist","QZSR42100460","1zXMIVwTvq5VddUP9SuEJ9"
"Kyon - Lo-Fi Remix","Harsh","Kyon (Lo-Fi Remix)","Spotgram ","Playlist","QZPJ32102380","3rnyHxdgshjVrQ604RM3J3"
"Maula Mere Maula - LoFi","Roop Kumar Rathod","LoFi Songs","Spotgram ","Playlist","INH102101867","5VgQWJz5ralJIxwK9moarb"
"Ye Tune Kya Kiya Lofi Flip","Silent Ocean","Ye Tune Kya Kiya Lofi Flip","Spotgram ","Playlist","QZFZ32260105","3jtW19tQGOBnp8gAAOWHaD"
"Ajab Si","Aryan Sharma","Ajab Si","Spotgram ","Playlist","QZFZ72167004","09HRWnACMIFfOqgDSLXOWt"
"Saiyyan - Lofi Flip","Kailash Kher","Saiyyan (Lofi Flip)","Spotgram ","Playlist","INS172102457","77IPBSEbMAiH7gOGfLllKz"
"Milaa Yun (Slow Version)","Yashita Sharma","Haseen Dillruba","Spotgram ","Playlist","INS182100937","706eHvtLG9d1b4niDzZlTj"
"Mera Mann - Lo-Fi Remix","Lofiwaala","Mera Mann (Lo-Fi Remix)","Spotgram ","Playlist","BXY5K2156753","4raiU2IbhCbRbeiJbcmKOL"
"Dusk Till Dawn (Lofi Chillhop)","Lofi Night Drives","Dusk Till Dawn (Lofi Chillhop)","Spotgram ","Playlist","TCAFM2111328","0lNHIEj2rFtfXLCDHr4l5C"
"Tum Kyu Chale Aate Ho (LoFi Mix)","Addy","Tum Kyu Chale Aate Ho (LoFi Mix)","Spotgram ","Playlist","QZHNA2186928","0yJ1vXLwRjSzeU2WeZoxi7"
"Maahi (Lofi)","JalRaj","Maahi (Lofi)","Spotgram ","Playlist","GX38U2232873","5IvV6X170dmEZCCbmNH4eQ"
"Faaslon Mein","Sachet Tandon","Baaghi 3","Cry bich cry","Playlist","INS182000664","4EGhULsw2QC2IvmUPtmsTB"
"Dua Karo (From ""Street Dancer 3D"")","Sachin-Jigar","Dua Karo (From ""Street Dancer 3D"")","Cry bich cry","Playlist","INS182000058","5zEx8v8GJKoTx55zGeq8me"
"Dilbara","Sachet Tandon","Dilbara (From ""Pati Patni Aur Woh"")","Cry bich cry","Playlist","INS181905607","0p83RJy9EZ0hlg82xcXH7f"
"Chal Ghar Chalen (From ""Malang - Unleash The Madness"") [Mithoon feat. Arijit Singh]","Mithoon","Chal Ghar Chalen (From ""Malang - Unleash The Madness"") [Mithoon feat. Arijit Singh]","Cry bich cry","Playlist","INS182000074","2U0BLmYoSESYOdwMxW2yA9"
"Judaai (From ""Badlapur)","Rekha Bhardwaj","Badlapur (Original Motion Picture Soundtrack)","Cry bich cry","Playlist","GBSGZ1500294","1eZ9Kq8voa1bnJi3dZD8M1"
"Channa Mereya (From ""Ae Dil Hai Mushkil"")","Pritam","Channa Mereya (From ""Ae Dil Hai Mushkil"")","Cry bich cry","Playlist","INS171602370","1plFCZ6QFAjSRutT02GTCn"
"Mann Bharryaa 2.0 (From ""Shershaah"")","B Praak","Mann Bharryaa 2.0 (From ""Shershaah"")","Cry bich cry","Playlist","INS172102779","3jf5303mzzJ96O8xFTcEn4"
"Main Dhoondne Ko Zamaane Mein","Arijit Singh","Heartless","Cry bich cry","Playlist","INS181306923","75p6BrziB5urmwPCeXl3y7"
"Bewafa","Imran Khan","Bewafa","Cry bich cry","Playlist","GBRCG0900013","4FcknXDJ8yW2QYUl0cm6uJ"
"Kun Faya Kun","A.R. Rahman","Rockstar","Cry bich cry","Playlist","INS181103501","7F8RNvTQlvbeBLeenycvN6"
"Before You Go","Lewis Capaldi","Before You Go","Cry bich cry","Playlist","DEUM71905868","7ce20yLkzuXXLUhzIDoZih"
"Love In The Dark","Adele","25","Cry bich cry","Playlist","GBBKS1500221","0DuWDLjriRPjDRoPgaCslY"
"drivers license","Olivia Rodrigo","drivers license","Cry bich cry","Playlist","USUG12004749","7lPN2DXiMsVn7XUKtOW1CS"
"God Must Hate Me","Catie Turner","God Must Hate Me","Cry bich cry","Playlist","USAT22107483","21xzFXSL2XkZ2mIzDDAqTK"
"Let Me Down Slowly (feat. Alessia Cara)","Alec Benjamin","Let Me Down Slowly (feat. Alessia Cara)","Cry bich cry","Playlist","USAT21813026","1roCmBlcpV7LzsmB7pmCyt"
"you broke me first","Tate McRae","you broke me first","Cry bich cry","Playlist","USRC12000832","45bE4HXI0AwGZXfZtMp8JR"
"Falling","Harry Styles","Fine Line","Cry bich cry","Playlist","USSM11912590","1ZMiCix7XSAbfAJlEZWMCp"
"Train Wreck","James Arthur","Back from the Edge","Cry bich cry","Playlist","DEE861600590","55Am8neGJkdj2ADaM3aw5H"
"Love Is Gone - Acoustic","SLANDER","Love Is Gone (Acoustic)","Cry bich cry","Playlist","CA5KR1969481","7F1CiKqrY44kh5cDqwHOnx"
"Let Me Down Slowly","Alec Benjamin","Narrated For You","Cry bich cry","Playlist","USAT21802284","2qxmye6gAegTMjLKEBoR3d"
"Jo Tu Na Mila","Asim Azhar","Jo Tu Na Mila","Cry bich cry","Playlist","INUM71800036","6DefzsWqnwrFrmNVnJxWkS"
"Older","Sasha Alex Sloan","Older","Cry bich cry","Playlist","USRC11803527","52iLDrSoRtf9lcgFuLVfqE"
"Hislerim","Serhat Durmus","Hislerim","BGM","Playlist","TCADT1883474","32Mh7kOCWmNTZgre0cGvCV"
"La Câlin","Serhat Durmus","La Câlin","BGM","Playlist","TCADI1715361","2nLeVfLE8t3hzHhXkZ6Ez2"
"Fearless Pt. II","Lost Sky","Fearless Pt. II","BGM","Playlist","GB2LD1700381","4VZH6OfxPy1nNE7KbtVKyK"
"Habibi - Slowed","Latverzyla","Habibi (Slowed)","BGM","Playlist","QZMEN2135691","0auPD2e0wzNAHXt46QeZv9"
"Wahran","RANDALL","Wahran","BGM","Playlist","NLZ541900320","7xlrdBdz8TGSo0COvLHymc"
"это ли счастье?","Rauf & Faik","это ли счастье?","BGM","Playlist","RUA582102775","4KGq63QyNHWz44M5S6PWGo"
"Where Are You","Otnicka","Where Are You","BGM","Playlist","TCAEW2029871","7tanqB2ACecyj7AKjp5Cjq"
"Kosandra - Remix","Maikkis","Kosandra","BGM","Playlist","CA5KR2032248","2xy57NLEmzuQQeBRORdaOq"
"Da Da Da - Jarico Remix","Tanir & Tyomcha","Da Da Da (Jarico Remix)","BGM","Playlist","FR96X1987484","7MAS0yiC3a4YX2gatvkEuK"
"Polozhenie","Zedline","Polozhenie","BGM","Playlist","QZHN52145716","32BqOOkyjc1xTzTm5y0Dnv"
"Иса","ANDRO","MOON FLAME","BGM","Playlist","RUA582103196","0pPMSxTHDxROblb7yID8Ar"
"Love Your Voice","JONY","Список твоих мыслей","BGM","Playlist","RUA582102963","4hyVrAsoKKjxAvQjPRt0ai"
"Soul of Doctor (Theme) [From ""Doctor""]","Anirudh Ravichander","Soul of Doctor (Theme) [From ""Doctor""]","BGM","Playlist","INS172104021","6GFtWQYco30oKpMr5xJwy2"
"Enjoy Enjaami","Dhee","Enjoy Enjaami","BGM","Playlist","TCAFK2171359","1baHxgYktT8eDdmtTozJF9"
"Kaththi Theme… The Sword of Destiny","Anirudh Ravichander","Kaththi (Original Motion Picture Soundtrack)","BGM","Playlist","GBSGZ1400178","1m2PQa2vARopdOK8xGVkaX"
"Coño","Jason Derulo","Coño","BGM","Playlist","NLZ542001080","5DV4ZSCqbFv74ui3ZhimXo"
"Я буду ебать","Moreart","Я буду ебать","BGM","Playlist","FR26V2072992","3lFrFQcZWPLa8WEG7xoc4b"
"See Me Fall - Y2K Remix","Ro Ransom","Momentum (Mixtape)","BGM","Playlist","QM42K1602291","5MLreTrtwv7fGyyAy0RyeB"
"это ли счастье?","Rauf & Faik","это ли счастье?","BGM","Playlist","FR2X41945190","65cYA2DbCETUTylYI75HgP"
"Manavaalan Thug - From ""Thallumaala""","Dabzee","Thallumaala","BGM","Playlist","INM812200125","5u1cWcqIX6sbKiVJn8PR86"
"Дикая львица","ALEX&RUS","Дикая львица","BGM","Playlist","QM6N21999015","41btOpCqdHf5lBd4KAOcfB"
"Минимум - Ramzan Abitov Remix","Ямаджи","Минимум (Remix Pack)","BGM","Playlist","FR26V2065704","2l0IvRqDNGQ63FaImXlHx9"
"Chekuthan","Ribin Richard","Chekuthan","BGM","Playlist","INA982100009","5Zoe8tHOVTMOzeapdpQeYL"
"Bad Boy (feat. Luana Kiara)","Raaban","Bad Boy (feat. Luana Kiara)","BGM","Playlist","SEPQA1800300","64p6ua7zpf66s62StC2QLv"
"Scam 1992 Theme Music","Achint","Scam 1992 Theme Music","BGM","Playlist","INO132001729","3A04b0nJb2nAzGUw2rqDsI"
"Satisfya","Imran Khan","Satisfya","BGM","Playlist","GBB291300001","6HGoVbCUr63SgU3TjxEVj6"
"Chekuthan (Reprise)","Ribin Richard","Chekuthan (Reprise)","BGM","Playlist","INA982100391","6N0Z9weSdoXUzL0wbqQD4h"
"Dulquer Theme - Theme","Gopi Sundar","CIA - Comrade in America - Original Motion Picture Soundtrack","BGM","Playlist","INA981700008","75pwDDZoCxXaME1JvBIgwZ"
"Wishes","Hasan Raheem","Maybe, It's Love","Instagram Trending Songs 2024","Playlist","QZRP52317311","5rpCUsEfBLIumvrxrahnKF"
"Suniyan Suniyan","Juss","Suniyan Suniyan","Instagram Trending Songs 2024","Playlist","INC622214256","0XRb6eZE4dBIJdqwf1Mixu"
"Millionaire","Yo Yo Honey Singh","GLORY","Instagram Trending Songs 2024","Playlist","INS182402380","78BWCd70D1X6LMkDZm1UoF"
"Samjho Na","Aditya Rikhari","Samjho Na","Instagram Trending Songs 2024","Playlist","FR2X42205817","1d5lpW3gUyq537iuyrb9Lf"
"ჩუბინა","Chub1na.Ge","ჩუბინა","Instagram Trending Songs 2024","Playlist","QZRP52390918","0s6vEUEL2Ij2tXXGLvgmLi"
"Zaroor","Aparshakti Khurana","Zaroor","Instagram Trending Songs 2024","Playlist","INS172408732","5thVzD79BxlDTYy0LfHzvu"
"Alibi (with Pabllo Vittar & Yseult)","Sevdaliza","Alibi (with Pabllo Vittar & Yseult)","Instagram Trending Songs 2024","Playlist","NL47E2400004","5496lks6V3fh1mZAB6IAap"
"Softly","Karan Aujla","Making Memories","Instagram Trending Songs 2024","Playlist","CAW112300244","0YQJoDL6f46J0n1rOVkpxJ"
"Aaj Ki Raat (From ""Stree 2"")","Sachin-Jigar","Aaj Ki Raat (From ""Stree 2"")","Instagram Trending Songs 2024","Playlist","INH102409256","5AnWrUzsrFgBvhn6dUElnr"
"Espresso","Sabrina Carpenter","Espresso","Instagram Trending Songs 2024","Playlist","USUM72403305","2qSkIjg1o9h3YT9RAgYN75"
"Bye","Aditya Bhardwaj","Bye","Instagram Trending Songs 2024","Playlist","TCAGP2204116","0PGU5mcLncBYE8yuVpSwqA"
"Tauba Tauba (From ""Bad Newz"")","Karan Aujla","Tauba Tauba (From ""Bad Newz"")","Instagram Trending Songs 2024","Playlist","INH102408328","16kiQQ4BoLHDyj5W2fkfNK"
"nadaaniyan","Akshath","nadaaniyan","Instagram Trending Songs 2024","Playlist","INUM72400459","3bmsaFp11I9pbicxzlStf3"
"Save Me. - Sped Up","Tundra","Save Me.","Instagram Trending Songs 2024","Playlist","QZTBB2495971","7wnkg3bKkIS9sjQjX0kyFq"
"Naina (From ""Crew"")","Diljit Dosanjh","Naina (From ""Crew"")","Instagram Trending Songs 2024","Playlist","INT102400827","1eZefeDb8uOsjvcbl1fJrG"
"i like the way you kiss me","Artemas","i like the way you kiss me","Instagram Trending Songs 2024","Playlist","QZJ842400387","2GxrNKugF82CnoRFbQfzPf"
"Mortals","Warriyo","Mortals","Instagram Trending Songs 2024","Playlist","GB2LD0902603","3Fg5uhtWBlW0es8GSqQ6Ff"
"Aasa Kooda - From ""Think Indie""","Sai Abhyankkar","Aasa Kooda (From ""Think Indie"")","Instagram Trending Songs 2024","Playlist","INT202404685","0MTdYgTZ25sLCO6kVnDoje"
"Koi Si","Afsana Khan","Koi Si","Instagram Trending Songs 2024","Playlist","DGA062308239","26ku8sJ1rV2gQAEuNs38X6"
"Thank You God","Dhvani Bhanushali","Thank You God","Instagram Trending Songs 2024","Playlist","INH562400011","2GD8vxlR7YIgx2ko3Ntv2f"
"Paon Ki Jutti","Jyoti Nooran","Paon Ki Jutti","Instagram Trending Songs 2024","Playlist","INUM72400361","0TrsGqtFXMWCrF9pPMICY9"
"Choo Lo","The Local Train","Aalas Ka Pedh","Instagram Trending Songs 2024","Playlist","INO131301172","0rlLBWFFTQiOWi963SH9bb"
"One Love","Blue","One Love","Instagram Trending Songs 2024","Playlist","GBAAA0200939","2W5acFzXf5FrktecuD30Or"
"Gulabi Sadi","Sanju Rathod","Gulabi Sadi","Instagram Trending Songs 2024","Playlist","FR2X42446102","4ITtnvLQ6SOA8XhiqkLa24"
"Illuminati - From ""Aavesham""","Sushin Shyam","Illuminati (From ""Aavesham"")","Instagram Trending Songs 2024","Playlist","INT202404391","1kFNFsAZ4iZy4vjBEtT12I"
"favorite","Isabel LaRosa","favorite","Instagram Trending Songs 2024","Playlist","USRC12400507","3QJsSWa0Xo8MfaRn1gr4Be"
"Sadqay","Aashir Wajahat","Sadqay","Instagram Trending Songs 2024","Playlist","AEA182300061","2lX53kXvYnvpV8Vqfe4S7s"
"greedy","Tate McRae","greedy","Instagram Trending Songs 2024","Playlist","USRC12301932","3rUGC1vUpkDG9CZFHMur1t"
"Mere Mehboob Mere Sanam (From ""Bad Newz"")","Udit Narayan","Mere Mehboob Mere Sanam (From ""Bad Newz"")","Instagram Trending Songs 2024","Playlist","INH102408754","3yxUi5nDZSWcYKi1C2xmLd"
"Tum Se (From ""Teri Baaton Mein Aisa Uljha Jiya"")","Sachin-Jigar","Tum Se (From ""Teri Baaton Mein Aisa Uljha Jiya"")","Instagram Trending Songs 2024","Playlist","INS182400341","2ceeTJAzKy295Fm0VsaXtE"
"Soulmate","Badshah","Ek Tha Raja","Instagram Trending Songs 2024","Playlist","INUM72400228","1tf2iody5iRLYYPDSBpzRc"
"SLAY!","Eternxlkz","SLAY!","Instagram Trending Songs 2024","Playlist","QM4TX2453776","67smGwuPEtA6GAfeweAVNO"
"Dekhha Tenu (From ""Mr. And Mrs. Mahi"")","Mohammad Faiz","Dekhha Tenu (From ""Mr. And Mrs. Mahi"")","Instagram Trending Songs 2024","Playlist","INS172408686","34Fh4HXZmnuBdtgejWUZg2"
"BLUE","Billie Eilish","HIT ME HARD AND SOFT","Instagram Trending Songs 2024","Playlist","USUM72401996","2prqm9sPLj10B4Wg0wE5x9"
"Too Sweet","Hozier","Unheard","Instagram Trending Songs 2024","Playlist","IEACJ2300335","3HMY0r2BAdpasXMY8rseR0"
"Tadow","Masego","Lady Lady","Instagram Trending Songs 2024","Playlist","QM24S1703810","51rPRW8NjxZoWPPjnRGzHw"
"Pehle Bhi Main","Vishal Mishra","ANIMAL","Instagram Trending Songs 2024","Playlist","INS182303389","7yDHHVKLbvDmVw1XXhDDIO"
"Sajni (From ""Laapataa Ladies"")","Ram Sampath","Sajni (From ""Laapataa Ladies"")","Instagram Trending Songs 2024","Playlist","INS182400369","5zCnGtCl5Ac5zlFHXaZmhy"
"Chaleya","Anirudh Ravichander","Jawan","Instagram Trending Songs 2024","Playlist","INS182302348","3xMHXmedL5Rvfxmiar9Ryv"
"Satranga (From ""ANIMAL"")","Arijit Singh","Satranga (From ""ANIMAL"")","Instagram Trending Songs 2024","Playlist","INS182303075","3yHyiUDJdz02FZ6jfUbsmY"
"One Love","Shubh","One Love","Instagram Trending Songs 2024","Playlist","QMBZ92399156","5ZLkihi6DVsHwDL3B8ym1t"
"Akhiyaan Gulaab (From ""Teri Baaton Mein Aisa Uljha Jiya"")","Mitraz","Akhiyaan Gulaab (From ""Teri Baaton Mein Aisa Uljha Jiya"")","Instagram Trending Songs 2024","Playlist","INS182400204","0M0ANKNzmM4Odd7FNKghzW"
"Azad Flow","RP Singh","Azad Flow","Instagram Trending Songs 2024","Playlist","USA2P2440842","0LfJnwfZhEP2I2j61M5vLd"
"Ishq","Faheem Abdullah","Lost;Found","Instagram Trending Songs 2024","Playlist","FR96X2451081","1hlbywc8Jhl1FFqJxAMabE"
"Big Dawgs","Hanumankind","Big Dawgs","Instagram Trending Songs 2024","Playlist","INUM72400563","0OA00aPt3BV10qeMIs3meW"
"Sweater Weather","The Neighbourhood","I Love You.","Instagram Trending Songs 2024","Playlist","USSM11300891","0cQVqPuHQP4KEwc7ZUQmj6"
"Roya Jab Tu (From ""Mr. And Mrs. Mahi"")","Vishal Mishra","Mr. And Mrs. Mahi (Original Motion Picture Soundtrack)","Instagram Trending Songs 2024","Playlist","INS172408785","0IKoHIQ1CshjtvYIOu5hwB"
"SARTAJ","TRAKFACE A3KPR","SARTAJ","Instagram Trending Songs 2024","Playlist","ATEK02356130","6hKsZeVntcifNv5N14jXPr"